0.113195775,3.732701828,6365.456248,0,0,Angry
0.124085194,3.373823311,6365.457803,0,0,Angry
0.092494467,4.039595582,6365.450299,0,0,Normal
0.115412272,3.126384396,6365.462645,0,0,Angry
0.136879402,3.609535987,6365.443426,0,0,Angry
0.115587376,3.719480592,6365.459387,0,0,Angry
0.136975978,3.598978173,6365.45472,0,0,Angry
0.127053602,2.680841766,6365.46432,0,0,Angry
0.129908855,2.996551639,6365.45322,0,0,Angry
0.131572942,3.261433332,6365.466028,0,0,Angry
0.22592279,3.264655544,6365.440836,0,0,Angry
0.193487896,3.345977556,6365.447479,0,0,Angry
0.153767592,2.934490321,6365.423838,0,0,Angry
0.141188424,3.076905735,6365.45322,0,0,Angry
0.173916136,3.483764992,6365.450299,0,0,Angry
0.172150239,2.782486461,6365.444754,0,0,Angry
0.153572532,3.830680038,6365.422837,0,0,Angry
0.17179657,4.227755238,6365.430166,0,0,Normal
0.159996422,3.641563174,6365.399738,0,0,Angry
0.13623863,3.169993529,6365.408602,0,0,Angry
0.051106249,4.524364272,6928.36561,0,0,Normal
0.06077173,4.698326657,6928.389445,0,0,Normal
0.047267633,4.597476061,6928.352476,0,0,Normal
0.03392956,4.304080398,6928.410347,0,0,Normal
0.045370116,4.28649467,6928.416887,0,0,Normal
0.049230473,4.69453923,6928.406205,0,0,Normal
0.044293446,4.184342063,6928.444866,0,0,Normal
0.057218037,4.52256064,6928.382854,0,0,Normal
0.043109133,4.559050153,6928.39117,0,0,Normal
0.063843209,4.355284302,6928.37973,0,0,Normal
0.121844939,3.21978243,6365.462645,0,0,Angry
0.168836654,3.109375828,6365.446105,0,0,Angry
0.150480776,2.70083177,6365.446105,0,0,Angry
0.172523648,3.13475804,6365.456248,0,0,Angry
0.15850304,3.574338476,6365.446105,0,0,Angry
0.17284897,2.905699879,6365.439573,0,0,Angry
0.146363178,3.37960331,6365.451747,0,0,Angry
0.162572309,3.209086734,6365.457803,0,0,Angry
0.1198356,3.505677223,6365.446105,0,0,Angry
0.154962005,3.569085769,6365.447479,0,0,Angry
0.13768982,2.778725277,6365.45322,0,0,Angry
0.182089933,2.97265227,6365.45322,0,0,Angry
0.164963093,2.922202914,6365.451747,0,0,Angry
0.182111251,2.574960721,6365.456248,0,0,Angry
0.192612466,2.543286836,6365.471354,0,0,Angry
0.162607,2.53453867,6365.467769,0,0,Angry
0.169629948,2.902920832,6365.480971,0,0,Angry
0.188654444,2.084037199,6365.485104,0,0,Angry
0.183359885,2.790404135,6365.471354,0,0,Angry
0.18463508,2.597477782,6365.478968,0,0,Angry
0.041345521,4.177857495,6928.423855,0,0,Normal
0.047310768,3.956009062,6928.406205,0,0,Normal
0.060838928,4.170317015,6928.370978,0,0,Normal
0.061495876,4.038273954,6928.382854,0,0,Normal
0.054622129,3.925190175,6928.376713,0,0,Normal
0.047357343,3.638091341,6928.402225,0,0,Normal
0.048244695,3.599316893,6928.39117,0,0,Normal
0.055140914,3.983843886,6928.389445,0,0,Normal
0.064329091,3.767025422,6928.369603,0,0,Normal
0.063679367,3.947746017,6928.352476,0,0,Normal
0.065385329,3.864262269,6928.36561,0,0,Normal
0.049978653,4.589977421,6928.350313,0,0,Normal
0.046136594,4.266114309,6928.355843,0,0,Normal
0.042505123,3.639665018,6928.353582,0,0,Normal
0.04737806,3.889080263,6928.353582,0,0,Normal
0.050158103,3.83532291,6928.354704,0,0,Normal
0.045498752,4.113910093,6928.36825,0,0,Normal
0.040790715,3.915491188,6928.353582,0,0,Normal
0.046225491,4.124811386,6928.363053,0,0,Normal
0.044016376,3.765279157,6928.338547,0,0,Normal
0.043801063,4.134267678,6928.350313,0,0,Normal
0.069034486,4.181539434,6928.353582,0,0,Normal
0.035649355,3.898556292,6928.370978,0,0,Normal
0.048051036,3.900695706,6928.353582,0,0,Normal
0.058319924,4.083611353,6928.353582,0,0,Normal
0.062052643,3.401532242,6928.353582,0,0,Normal
0.060331898,3.298773643,6928.356999,0,0,Normal
0.046066349,3.626287329,6928.352476,0,0,Normal
0.053641908,3.719986351,6928.381278,0,0,Normal
0.041046401,3.665747931,6928.354704,0,0,Normal
0.197172497,3.352817203,6365.451747,0,0,Angry
0.203299688,3.595737105,6365.435904,0,0,Angry
0.204521288,3.518701922,6365.431278,0,0,Angry
0.210057028,3.678821209,6365.448877,0,0,Angry
0.217131909,3.336739516,6365.44212,0,0,Angry
0.189245156,3.08511764,6365.45472,0,0,Angry
0.203097427,3.576380604,6365.457803,0,0,Angry
0.22343647,3.101365675,6365.451747,0,0,Angry
0.202809069,3.341592815,6365.44212,0,0,Angry
0.194796307,3.569197828,6365.451747,0,0,Angry
0.111461851,4.034375902,6365.432407,0,0,Normal
0.140854779,3.655668742,6365.451747,0,0,Angry
0.169681231,3.621548234,6365.430166,0,0,Angry
0.152378185,4.120133788,6365.41272,0,0,Normal
0.163037264,3.620159585,6365.414446,0,0,Angry
0.146602063,3.52264617,6365.41622,0,0,Angry
0.145660992,3.915910262,6365.408602,0,0,Angry
0.149084765,3.618095181,6365.425884,0,0,Angry
0.167560917,3.754079811,6365.41272,0,0,Angry
0.137627911,3.575077765,6365.41104,0,0,Angry
0.088973056,2.96896407,6365.478968,0,0,Angry
0.079638913,2.801840042,6365.467769,0,0,Angry
0.061044801,3.17106989,6365.462645,0,0,Angry
0.079044215,2.915023636,6365.446105,0,0,Angry
0.075915247,3.043905904,6365.462645,0,0,Angry
0.058574968,3.177326438,6365.480971,0,0,Angry
0.067846705,3.062684088,6365.478968,0,0,Angry
0.070188181,3.774896795,6365.483015,0,0,Angry
0.080521949,3.176975865,6365.480971,0,0,Angry
0.10140073,2.995229612,6365.491644,0,0,Angry
0.192430622,3.436902923,6365.459387,0,0,Angry
0.192430622,3.436902923,6365.459387,0,0,Angry
0.174964774,3.725493571,6365.451747,0,0,Angry
0.164599416,3.908237873,6365.45472,0,0,Angry
0.201648963,3.43597647,6365.485104,0,0,Angry
0.17807886,3.071795149,6365.451747,0,0,Angry
0.171747327,3.905508747,6365.45472,0,0,Angry
0.171747327,3.905508747,6365.45472,0,0,Angry
0.206077019,3.180466024,6365.459387,0,0,Angry
0.206859294,4.098169216,6365.446105,0,0,Normal
0.023157004,4.580854898,6928.389445,0,0,Normal
0.044572132,4.91394206,6928.363053,0,0,Normal
0.033488822,4.519166555,6928.332513,0,0,Normal
0.028665372,4.305167311,6928.376713,0,0,Normal
0.033630991,4.431489148,6928.350313,0,0,Normal
0.025870692,4.663462511,6928.333342,0,0,Normal
0.029537904,4.29092981,6928.38609,0,0,Normal
0.043656076,4.106844009,6928.423855,0,0,Normal
0.036207845,4.190301818,6928.41916,0,0,Normal
0.050251259,4.261833707,6928.36825,0,0,Normal
0.143836723,3.234817745,6365.45322,0,0,Angry
0.134563762,3.124556098,6365.45322,0,0,Angry
0.126231969,2.714664146,6365.446105,0,0,Angry
0.121636522,3.281287259,6365.457803,0,0,Angry
0.117267972,2.807667857,6365.456248,0,0,Angry
0.131499383,2.851724064,6365.462645,0,0,Angry
0.129421875,3.156135043,6365.461001,0,0,Angry
0.132250658,3.641015062,6365.45322,0,0,Angry
0.121843642,3.108049342,6365.461001,0,0,Angry
0.165048163,2.907574766,6365.462645,0,0,Angry
0.158973905,2.688794246,6365.491644,0,0,Angry
0.161504273,3.051762727,6365.501066,0,0,Angry
0.138382968,2.643489901,6365.525798,0,0,Angry
0.15682768,2.953740579,6365.549369,0,0,Angry
0.160891384,2.436023349,6365.485104,0,0,Angry
0.128713731,2.825206814,6365.471354,0,0,Angry
0.124892712,2.933335378,6365.525798,0,0,Angry
0.153842181,3.164737641,6365.475084,0,0,Angry
0.131237579,2.683583891,6365.46432,0,0,Angry
0.126747951,2.586177584,6365.480971,0,0,Angry
0.068081942,3.73214583,6928.428757,0,0,Normal
0.067919852,3.704477389,6928.359364,0,0,Normal
0.070533821,3.711982559,6928.355843,0,0,Normal
0.067915638,3.640455014,6928.398398,0,0,Normal
0.056636809,3.893148197,6928.351387,0,0,Normal
0.046550806,4.059156394,6928.360575,0,0,Normal
0.052981847,4.251835324,6928.353582,0,0,Normal
0.050286675,3.820326683,6928.341308,0,0,Normal
0.064258429,3.759724238,6928.338547,0,0,Normal
0.064399776,4.139410399,6928.339455,0,0,Normal
0.044410802,4.319185076,6928.373797,0,0,Normal
0.039162459,3.900962472,6928.373797,0,0,Normal
0.036800671,3.977410959,6928.359364,0,0,Normal
0.041471224,4.023084444,6928.36825,0,0,Normal
0.043406883,4.106162624,6928.363053,0,0,Normal
0.042710924,3.785834423,6928.361804,0,0,Normal
0.038815587,3.882903319,6928.359364,0,0,Normal
0.042650777,3.715671706,6928.363053,0,0,Normal
0.038008796,3.821109465,6928.358173,0,0,Normal
0.040227624,4.174182308,6928.363053,0,0,Normal
0.143621435,2.96064368,6365.446105,0,0,Angry
0.155071273,2.870018587,6365.451747,0,0,Angry
0.13648267,3.335545065,6365.435904,0,0,Angry
0.123841789,3.357320549,6365.444754,0,0,Angry
0.119583548,3.77176714,6365.44212,0,0,Angry
0.120807442,3.800705525,6365.440836,0,0,Angry
0.119525035,3.68468249,6365.448877,0,0,Angry
0.109636068,4.26076168,6365.437107,0,0,Normal
0.074886536,4.15012779,6365.425884,0,0,Normal
0.106324362,4.511713787,6365.446105,0,0,Angry
0.170864855,4.380663007,6365.444754,0,0,Angry
0.162668966,3.568333791,6365.444754,0,0,Angry
0.178627244,4.344242474,6365.447479,0,0,Angry
0.167894843,3.852518551,6365.446105,0,0,Angry
0.157821156,4.046277479,6365.456248,0,0,Normal
0.158469225,3.557198015,6365.448877,0,0,Angry
0.161814049,3.509727981,6365.444754,0,0,Angry
0.19378351,3.504650001,6365.457803,0,0,Angry
0.178161733,3.709895236,6365.451747,0,0,Angry
0.194811878,2.595399016,6365.425884,0,0,Angry
0.145141951,3.382984317,6365.439573,0,0,Angry
0.144549164,3.05883705,6365.45472,0,0,Angry
0.133376361,3.125627392,6365.439573,0,0,Angry
0.124881903,3.579762419,6365.44212,0,0,Angry
0.127606071,3.750160284,6365.425884,0,0,Angry
0.123933563,3.606543364,6365.432407,0,0,Angry
0.146630959,3.454610353,6365.45322,0,0,Angry
0.150842933,4.16965193,6365.44212,0,0,Normal
0.138567222,4.069267383,6365.451747,0,0,Normal
0.144661535,3.130863039,6365.451747,0,0,Angry
0.109037093,4.23732637,6365.456248,0,0,Normal
0.11548098,3.607080649,6365.462645,0,0,Angry
0.111957446,3.927612334,6365.448877,0,0,Angry
0.124716178,4.452437475,6365.467769,0,0,Angry
0.107759404,4.150324996,6365.466028,0,0,Normal
0.123225269,4.577179215,6365.459387,0,0,Angry
0.118115663,4.048570024,6365.462645,0,0,Normal
0.119950404,4.374751235,6365.466028,0,0,Angry
0.119731376,4.806611537,6365.466028,0,0,Angry
0.118618528,4.891357056,6365.466028,0,0,Normal
0.208833883,4.497343923,6365.433555,0,0,Angry
0.199204508,4.09012807,6365.424853,0,0,Normal
0.202347886,3.839965359,6365.451747,0,0,Angry
0.213264156,4.534434273,6365.45322,0,0,Angry
0.206252908,4.06927158,6365.45472,0,0,Normal
0.200588021,4.471605344,6365.446105,0,0,Angry
0.208600453,3.940204667,6365.45472,0,0,Angry
0.227948767,4.215470298,6365.466028,0,0,Normal
0.215311456,4.315357011,6365.45472,0,0,Angry
0.196532357,3.831911748,6365.418975,0,0,Angry
0.034616647,4.66307794,6928.384457,0,0,Normal
0.033132332,4.46286701,6928.343213,0,0,Normal
0.065907042,4.642177942,6928.396539,0,0,Normal
0.052357591,4.540835761,6928.423855,0,0,Normal
0.038434668,4.380537475,6928.402225,0,0,Normal
0.070604254,4.041033246,6928.384457,0,0,Normal
0.050979512,4.315711255,6928.353582,0,0,Normal
0.046752393,4.149889223,6928.414662,0,0,Normal
0.050136219,3.968661031,6928.384457,0,0,Normal
0.046026038,3.795647107,6928.400293,0,0,Normal
0.165331984,3.637493025,6365.456248,0,0,Angry
0.179802239,4.000970273,6365.446105,0,0,Angry
0.189669699,3.666634029,6365.451747,0,0,Angry
0.162673937,3.487394045,6365.462645,0,0,Angry
0.17056399,3.388290664,6365.466028,0,0,Angry
0.15938325,3.516940642,6365.451747,0,0,Angry
0.147582298,3.62094476,6365.448877,0,0,Angry
0.175833619,3.604786879,6365.457803,0,0,Angry
0.154815056,3.613833943,6365.448877,0,0,Angry
0.158109271,3.514599461,6365.450299,0,0,Angry
0.175594469,3.378763363,6365.456248,0,0,Angry
0.182309185,2.969200552,6365.471354,0,0,Angry
0.161335746,2.166899508,6365.516943,0,0,Angry
0.176303964,3.072374618,6365.501066,0,0,Angry
0.160734643,3.507386066,6365.496249,0,0,Angry
0.173390911,3.131956474,6365.459387,0,0,Angry
0.16075808,2.715927019,6365.46432,0,0,Angry
0.163322942,3.374843634,6365.506109,0,0,Angry
0.18225864,3.094108912,6365.516943,0,0,Angry
0.158591814,3.370837483,6365.45322,0,0,Angry
0.058226591,4.078425327,6928.344185,0,0,Normal
0.058501015,3.829399702,6928.359364,0,0,Normal
0.056043386,4.312914509,6928.402225,0,0,Normal
0.054388879,4.152585179,6928.421482,0,0,Normal
0.049284646,3.917084313,6928.453816,0,0,Normal
0.063586581,4.205348549,6928.410347,0,0,Normal
0.04944162,4.251295945,6928.36561,0,0,Normal
0.043497952,3.945974812,6928.348212,0,0,Normal
0.045419509,3.95575978,6928.359364,0,0,Normal
0.051916845,4.430210773,6928.373797,0,0,Normal
0.047180219,3.887385484,6928.342254,0,0,Normal
0.048558291,4.573159213,6928.338547,0,0,Normal
0.052990747,4.795202479,6928.36561,0,0,Normal
0.046423975,4.366612963,6928.329301,0,0,Normal
0.046687393,4.503933336,6928.342254,0,0,Normal
0.051993051,4.92049562,6928.370978,0,0,Normal
0.050954483,4.821673722,6928.34617,0,0,Normal
0.047548275,4.536763975,6928.327755,0,0,Normal
0.053177481,4.543582515,6928.326245,0,0,Normal
0.052021765,4.325497044,6928.34617,0,0,Normal
0.187003694,4.150365353,6365.448877,0,0,Normal
0.167168202,3.860538791,6365.440836,0,0,Angry
0.171602386,3.341803182,6365.439573,0,0,Angry
0.184207083,3.850268027,6365.440836,0,0,Angry
0.165733353,3.997353977,6365.431278,0,0,Angry
0.15366652,3.690924941,6365.437107,0,0,Angry
0.159088379,3.99489641,6365.443426,0,0,Angry
0.17274913,4.330490287,6365.433555,0,0,Angry
0.147266122,4.135344564,6365.433555,0,0,Normal
0.171247004,4.632585453,6365.439573,0,0,Angry
0.169807881,3.869602109,6365.446105,0,0,Angry
0.17693434,3.931704634,6365.439573,0,0,Angry
0.194609626,3.846020051,6365.446105,0,0,Angry
0.192933934,3.212882778,6365.451747,0,0,Angry
0.204682204,3.67137248,6365.44212,0,0,Angry
0.157826337,4.020686405,6365.447479,0,0,Normal
0.201783271,3.78375116,6365.44212,0,0,Angry
0.206474347,3.312256817,6365.439573,0,0,Angry
0.186964986,3.834977295,6365.439573,0,0,Angry
0.211992133,3.377533686,6365.41992,0,0,Angry
0.157236274,4.005724133,6365.430166,0,0,Angry
0.147648679,4.231585588,6365.43833,0,0,Normal
0.142614034,4.84156514,6365.431278,0,0,Angry
0.154729996,4.489172593,6365.425884,0,0,Angry
0.160344532,4.394978603,6365.429071,0,0,Angry
0.129987712,4.629815844,6365.45322,0,0,Angry
0.144663207,4.786535117,6365.44212,0,0,Angry
0.146646662,4.581937383,6365.444754,0,0,Angry
0.14494386,4.580685711,6365.44212,0,0,Angry
0.170130179,4.147088549,6365.447479,0,0,Normal
0.171708283,2.782753653,6365.491644,0,0,Angry
0.159031184,2.538668377,6365.506109,0,0,Angry
0.141385042,3.337670496,6365.475084,0,0,Angry
0.170823436,2.797825948,6365.478968,0,0,Angry
0.158389023,3.335286312,6365.489416,0,0,Angry
0.156116702,3.489709036,6365.466028,0,0,Angry
0.143854595,2.929951203,6365.491644,0,0,Angry
0.154304801,3.332584816,6365.46432,0,0,Angry
0.174239424,2.915966479,6365.462645,0,0,Angry
0.158287203,3.063523887,6365.462645,0,0,Angry
0.190592484,3.121892138,6365.439573,0,0,Angry
0.178794381,3.606703722,6365.437107,0,0,Angry
0.186360933,3.336038946,6365.435904,0,0,Angry
0.188609783,3.844411259,6365.427993,0,0,Angry
0.203102319,3.360658388,6365.448877,0,0,Angry
0.189950589,3.050762809,6365.435904,0,0,Angry
0.201083364,3.791583625,6365.451747,0,0,Angry
0.191921878,3.064000821,6365.43833,0,0,Angry
0.17391362,2.815129695,6365.448877,0,0,Angry
0.192207347,2.916551727,6365.448877,0,0,Angry
0.048548,4.153098295,6928.431291,0,0,Normal
0.049774715,4.025672521,6928.414662,0,0,Normal
0.06125679,4.695676967,6928.384457,0,0,Normal
0.054841045,4.214193677,6928.39117,0,0,Normal
0.059764636,4.103875037,6928.384457,0,0,Normal
0.059561843,3.524938939,6928.47752,0,0,Normal
0.060225353,4.525133581,6928.414662,0,0,Normal
0.06436399,4.335334723,6928.442024,0,0,Normal
0.091070149,3.913464198,6928.414662,0,0,Normal
0.075869423,3.881291177,6928.370978,0,0,Normal
0.136300983,3.654812297,6365.440836,0,0,Angry
0.165730645,3.431402829,6365.447479,0,0,Angry
0.154839993,3.056153203,6365.45472,0,0,Angry
0.158984562,3.103499903,6365.462645,0,0,Angry
0.169201197,3.136691549,6365.45322,0,0,Angry
0.167619407,3.021867594,6365.444754,0,0,Angry
0.158237912,3.198414181,6365.451747,0,0,Angry
0.15095216,3.397692727,6365.448877,0,0,Angry
0.149832218,2.99855463,6365.451747,0,0,Angry
0.166776246,3.143564203,6365.451747,0,0,Angry
0.194062531,2.650517937,6365.462645,0,0,Angry
0.177028774,2.733064118,6365.485104,0,0,Angry
0.169738406,2.680873838,6365.467769,0,0,Angry
0.177750437,2.819118373,6365.459387,0,0,Angry
0.192199064,2.893545842,6365.466028,0,0,Angry
0.184785553,2.760999719,6365.462645,0,0,Angry
0.194200886,2.70016692,6365.489416,0,0,Angry
0.185057018,2.949568581,6365.457803,0,0,Angry
0.177142608,2.154393783,6365.483015,0,0,Angry
0.175099436,3.578046988,6365.473201,0,0,Angry
0.063138996,4.338689838,6928.431291,0,0,Normal
0.043502329,4.045332369,6928.363053,0,0,Normal
0.051733225,4.213501694,6928.361804,0,0,Normal
0.057759074,4.13610288,6928.376713,0,0,Normal
0.053946789,4.575634469,6928.406205,0,0,Normal
0.068386804,5.031602625,6928.41916,0,0,Normal
0.050209761,4.316750581,6928.398398,0,0,Normal
0.042233356,4.145712835,6928.394716,0,0,Normal
0.033808222,4.205510038,6928.344185,0,0,Normal
0.047616314,4.531597356,6928.350313,0,0,Normal
0.0594527,4.302541548,6928.376713,0,0,Normal
0.047725388,4.306020031,6928.442024,0,0,Normal
0.060278443,4.299442746,6928.356999,0,0,Normal
0.045414767,4.51168413,6928.363053,0,0,Normal
0.054429297,4.23278675,6928.353582,0,0,Normal
0.0526282,4.287621743,6928.355843,0,0,Normal
0.039283903,4.285448073,6928.350313,0,0,Normal
0.050293856,4.597612851,6928.350313,0,0,Normal
0.063543914,4.258009709,6928.354704,0,0,Normal
0.065762971,4.614404323,6928.354704,0,0,Normal
0.115639227,3.503233808,6365.444754,0,0,Angry
0.12985238,3.925563185,6365.446105,0,0,Angry
0.088452273,3.742876764,6365.44212,0,0,Angry
0.088690229,4.642742008,6365.446105,0,0,Angry
0.084410207,4.591366152,6365.443426,0,0,Angry
0.092638193,4.508817113,6365.43472,0,0,Angry
0.061996423,4.237598033,6365.444754,0,0,Normal
0.068112356,4.614643611,6365.437107,0,0,Angry
0.13707859,3.60037388,6365.444754,0,0,Angry
0.153594593,3.859095403,6365.457803,0,0,Angry
0.178099017,3.090107627,6365.459387,0,0,Angry
0.171975683,3.305022113,6365.444754,0,0,Angry
0.175184791,3.03176304,6365.444754,0,0,Angry
0.162406029,3.489084319,6365.448877,0,0,Angry
0.156068517,3.260075776,6365.44212,0,0,Angry
0.186358427,3.374524277,6365.44212,0,0,Angry
0.198849701,3.555187199,6365.431278,0,0,Angry
0.171389992,3.373994538,6365.444754,0,0,Angry
0.189091945,3.3433322,6365.447479,0,0,Angry
0.178267285,3.695453692,6365.45472,0,0,Angry
0.148001664,3.11582577,6365.444754,0,0,Angry
0.140429411,2.64991523,6365.457803,0,0,Angry
0.161784953,3.290092035,6365.447479,0,0,Angry
0.146512863,3.168371194,6365.451747,0,0,Angry
0.138278156,3.325512138,6365.43833,0,0,Angry
0.157224577,3.079183801,6365.425884,0,0,Angry
0.14552744,2.929298963,6365.44212,0,0,Angry
0.150015907,3.049057065,6365.457803,0,0,Angry
0.171201146,2.886379057,6365.439573,0,0,Angry
0.154003333,3.207980718,6365.429071,0,0,Angry
0.160074442,2.804528619,6365.493921,0,0,Angry
0.178337676,2.67451561,6365.467769,0,0,Angry
0.164112361,3.10535567,6365.475084,0,0,Angry
0.171535084,3.162194331,6365.462645,0,0,Angry
0.170414344,2.561243878,6365.493921,0,0,Angry
0.163402925,3.325584355,6365.480971,0,0,Angry
0.178740287,2.998282925,6365.471354,0,0,Angry
0.173794607,3.101720879,6365.477006,0,0,Angry
0.175752875,2.663587554,6365.448877,0,0,Angry
0.188414637,3.136813666,6365.489416,0,0,Angry
0.128525421,3.568770405,6365.400427,0,0,Angry
0.141616226,3.050764834,6365.42693,0,0,Angry
0.143308764,3.956630685,6365.430166,0,0,Angry
0.183055047,3.588763939,6365.447479,0,0,Angry
0.16383523,3.768011414,6365.45322,0,0,Angry
0.164875172,3.59005996,6365.45472,0,0,Angry
0.146214399,3.999703577,6365.447479,0,0,Angry
0.174647121,3.823724604,6365.447479,0,0,Angry
0.171917011,3.758123106,6365.462645,0,0,Angry
0.172385185,3.562439041,6365.427993,0,0,Angry
0.067084557,4.459515315,6928.359364,0,0,Normal
0.058110488,4.321765653,6928.410347,0,0,Normal
0.078974807,4.283590056,6928.382854,0,0,Normal
0.055180858,4.085610509,6928.392926,0,0,Normal
0.068357157,4.39681363,6928.355843,0,0,Normal
0.049524438,4.26252154,6928.392926,0,0,Normal
0.063025967,4.415467356,6928.355843,0,0,Normal
0.050686396,4.358657451,6928.447778,0,0,Normal
0.067310975,4.147300597,6928.433883,0,0,Normal
0.064214216,4.155217678,6928.34617,0,0,Normal
0.151761643,3.012141506,6365.448877,0,0,Angry
0.149814386,3.719629827,6365.466028,0,0,Angry
0.135232074,3.746084484,6365.448877,0,0,Angry
0.178011155,3.680247197,6365.456248,0,0,Angry
0.160577813,3.53673153,6365.45472,0,0,Angry
0.142217272,3.375339352,6365.451747,0,0,Angry
0.14218831,3.248385357,6365.456248,0,0,Angry
0.151250038,3.763216665,6365.45322,0,0,Angry
0.163379139,3.336327681,6365.451747,0,0,Angry
0.171418886,2.704122841,6365.45322,0,0,Angry
0.17910967,2.687909623,6365.473201,0,0,Angry
0.171492642,2.619173618,6365.538721,0,0,Angry
0.152027476,2.514317445,6365.480971,0,0,Angry
0.167641513,2.879273757,6365.45472,0,0,Angry
0.184080088,2.343656689,6365.469544,0,0,Angry
0.202113146,2.501804383,6365.496249,0,0,Angry
0.171064041,2.545195044,6365.469544,0,0,Angry
0.17775784,2.398970619,6365.506109,0,0,Angry
0.138073303,2.598441926,6365.573614,0,0,Angry
0.162142553,3.027421468,6365.473201,0,0,Angry
0.034778099,3.875278942,6928.344185,0,0,Normal
0.057048716,3.917307699,6928.39117,0,0,Normal
0.058227894,3.933814686,6928.347184,0,0,Normal
0.046261688,4.327023831,6928.36825,0,0,Normal
0.047933907,4.439477515,6928.400293,0,0,Normal
0.056570493,4.259489004,6928.389445,0,0,Normal
0.051458864,4.105469861,6928.410347,0,0,Normal
0.033656855,4.298397849,6928.332513,0,0,Normal
0.06092379,4.50455578,6928.340375,0,0,Normal
0.033674153,3.857170337,6928.436534,0,0,Normal
0.044556326,3.51826549,6928.363053,0,0,Normal
0.041328137,4.132264235,6928.355843,0,0,Normal
0.054798545,3.609141762,6928.36825,0,0,Normal
0.052500623,3.771651647,6928.350313,0,0,Normal
0.051459169,3.886222709,6928.353582,0,0,Normal
0.034347433,3.599282686,6928.36561,0,0,Normal
0.058742985,3.659726361,6928.355843,0,0,Normal
0.047884358,4.298455666,6928.360575,0,0,Normal
0.049281463,3.982599167,6928.36561,0,0,Normal
0.076998723,3.48851096,6928.363053,0,0,Normal
0.133332702,3.607143418,6365.450299,0,0,Angry
0.16028677,3.094149768,6365.462645,0,0,Angry
0.155271814,3.923965031,6365.448877,0,0,Angry
0.172570884,2.759766967,6365.446105,0,0,Angry
0.145263006,3.815635464,6365.448877,0,0,Angry
0.137144343,3.562535625,6365.447479,0,0,Angry
0.143472311,3.726694704,6365.440836,0,0,Angry
0.143732566,3.367460979,6365.456248,0,0,Angry
0.13965803,2.99694174,6365.456248,0,0,Angry
0.132847535,2.978806151,6365.444754,0,0,Angry
0.159520715,3.640902031,6365.459387,0,0,Angry
0.172021673,3.334330235,6365.459387,0,0,Angry
0.184493256,3.217687283,6365.457803,0,0,Angry
0.174530828,3.053060329,6365.459387,0,0,Angry
0.170461504,3.794522709,6365.467769,0,0,Angry
0.165094485,3.835734711,6365.451747,0,0,Angry
0.161763729,3.599812661,6365.451747,0,0,Angry
0.162760701,3.750745481,6365.462645,0,0,Angry
0.170194797,3.804034674,6365.451747,0,0,Angry
0.155464368,3.415942089,6365.451747,0,0,Angry
0.15786637,3.752988952,6365.433555,0,0,Angry
0.151992148,4.201600473,6365.439573,0,0,Normal
0.166903704,3.594977286,6365.447479,0,0,Angry
0.144822657,3.185549107,6365.457803,0,0,Angry
0.144787596,3.011375347,6365.450299,0,0,Angry
0.165427619,2.921499725,6365.457803,0,0,Angry
0.15962193,2.710625603,6365.447479,0,0,Angry
0.15787203,2.842820148,6365.448877,0,0,Angry
0.164753071,2.923696023,6365.456248,0,0,Angry
0.152101895,2.563163138,6365.451747,0,0,Angry
0.067960169,3.376661592,6365.467769,0,0,Angry
0.076221641,2.953661935,6365.514136,0,0,Angry
0.092535034,3.192748703,6365.475084,0,0,Angry
0.105663996,2.911385362,6365.459387,0,0,Angry
0.113974669,2.388313142,6365.466028,0,0,Angry
0.111417175,3.393195727,6365.46432,0,0,Angry
0.132305285,2.9784947,6365.473201,0,0,Angry
0.127826064,2.847296897,6365.461001,0,0,Angry
0.116285863,2.828060552,6365.485104,0,0,Angry
0.136004305,3.374486193,6365.473201,0,0,Angry
0.11803542,2.388009126,6365.480971,0,0,Angry
0.112710541,3.195821657,6365.475084,0,0,Angry
0.040832377,4.518468308,6928.389445,0,0,Normal
0.046052358,4.337281604,6928.36825,0,0,Normal
0.033154518,4.274007312,6928.342254,0,0,Normal
0.03597583,4.436028238,6928.36561,0,0,Normal
0.031673589,4.267468644,6928.348212,0,0,Normal
0.036413654,3.861369453,6928.343213,0,0,Normal
0.057426663,4.295305625,6928.378208,0,0,Normal
0.034200591,3.920621396,6928.36561,0,0,Normal
0.040385102,4.604371295,6928.370978,0,0,Normal
0.037476973,4.055010569,6928.382854,0,0,Normal
0.058084454,3.913721336,6928.373797,0,0,Normal
0.03920796,4.593798354,6928.363053,0,0,Normal
0.025370294,4.015731314,6928.336766,0,0,Normal
0.045971042,4.507658705,6928.370978,0,0,Normal
0.021560825,4.419355968,6928.370978,0,0,Normal
0.027892529,4.229085782,6928.359364,0,0,Normal
0.019562854,4.296475338,6928.344185,0,0,Normal
0.037841608,4.437256604,6928.360575,0,0,Normal
0.042695391,4.04361049,6928.350313,0,0,Normal
0.033191238,4.228733454,6928.36825,0,0,Normal
0.029672832,3.812116375,6928.348212,0,0,Normal
0.032475646,4.458143567,6928.359364,0,0,Normal
0.047329852,4.339675261,6928.376713,0,0,Normal
0.055936252,4.17089458,6928.352476,0,0,Normal
0.051275324,4.022277589,6928.361804,0,0,Normal
0.046760571,4.198856145,6928.363053,0,0,Normal
0.047476469,3.825328086,6928.342254,0,0,Normal
0.044703876,3.923530245,6928.359364,0,0,Normal
0.04655089,3.351598152,6928.352476,0,0,Normal
0.031260697,3.853699323,6928.366919,0,0,Normal
0.129795648,3.639132353,6365.45472,0,0,Angry
0.13862471,3.103536252,6365.45472,0,0,Angry
0.13102555,3.557778141,6365.446105,0,0,Angry
0.119318965,3.47020308,6365.430166,0,0,Angry
0.117711307,3.973125021,6365.448877,0,0,Angry
0.145277043,3.191387171,6365.451747,0,0,Angry
0.121165574,3.346859559,6365.43833,0,0,Angry
0.107300748,3.249131732,6365.435904,0,0,Angry
0.107140072,3.773934103,6365.444754,0,0,Angry
0.122259798,3.571908525,6365.439573,0,0,Angry
0.023086346,3.918204639,6365.447479,0,0,Angry
0.028416377,4.484401367,6365.43833,0,0,Angry
0.02422068,4.629033953,6365.408602,0,0,Angry
0.018004441,4.313375259,6365.41272,0,0,Angry
0.023033749,4.267578573,6365.435904,0,0,Normal
0.030129059,4.399573352,6365.423838,0,0,Angry
0.025854788,4.983923841,6365.448877,0,0,Normal
0.028470699,4.898070412,6365.45472,0,0,Normal
0.021686528,3.791764476,6365.404003,0,0,Angry
0.021864988,4.229435163,6365.41104,0,0,Normal
0.009980218,4.067420922,6365.475084,0,0,Normal
0.010768166,4.178514487,6365.480971,0,0,Normal
0.010107719,4.366235961,6365.451747,0,0,Angry
0.015320986,4.456714171,6365.473201,0,0,Angry
0.015177573,4.413286365,6365.45322,0,0,Angry
0.015580058,4.275594712,6365.462645,0,0,Normal
0.011258311,3.911362817,6365.447479,0,0,Angry
0.01682231,4.031396324,6365.456248,0,0,Normal
0.015561971,4.472025452,6365.471354,0,0,Angry
0.017982258,3.627797037,6365.456248,0,0,Angry
0.107344143,4.350123465,6365.446105,0,0,Angry
0.137521282,3.361048965,6365.450299,0,0,Angry
0.088620884,3.303682629,6365.45322,0,0,Angry
0.076407964,3.265680806,6365.457803,0,0,Angry
0.089220237,3.252934573,6365.456248,0,0,Angry
0.104522313,3.444988993,6365.456248,0,0,Angry
0.110729427,3.627052844,6365.45322,0,0,Angry
0.102899178,3.620158005,6365.448877,0,0,Angry
0.095142277,3.961866406,6365.45472,0,0,Angry
0.129153427,3.375691788,6365.451747,0,0,Angry
0.028831287,4.975542181,6928.473863,0,0,Normal
0.026083835,4.025199465,6928.489109,0,0,Normal
0.032572629,4.516605538,6928.423855,0,0,Normal
0.016564925,4.422898979,6928.398398,0,0,Normal
0.011967113,4.825846732,6928.444866,0,0,Normal
0.007469139,4.489664482,6928.412482,0,0,Normal
0.01206026,4.602773721,6928.423855,0,0,Normal
0.008436439,4.526887348,6928.414662,0,0,Normal
0.008389386,4.302093671,6928.41916,0,0,Normal
0.01440173,4.647036472,6928.428757,0,0,Normal
0.055854683,3.633038344,6365.45472,0,0,Angry
0.045228421,3.515522779,6365.456248,0,0,Angry
0.056209065,3.893352524,6365.462645,0,0,Angry
0.056407036,3.407214729,6365.456248,0,0,Angry
0.06375529,3.022165791,6365.456248,0,0,Angry
0.05902388,4.476918764,6365.459387,0,0,Angry
0.057167306,3.604890915,6365.462645,0,0,Angry
0.038389834,3.733678009,6365.459387,0,0,Angry
0.049298459,3.567093083,6365.456248,0,0,Angry
0.045365415,4.040594604,6365.459387,0,0,Normal
0.106047733,3.096029343,6365.489416,0,0,Angry
0.115117323,3.597213247,6365.60279,0,0,Angry
0.121687965,3.2662713,6365.506109,0,0,Angry
0.096307402,3.637020414,6365.491644,0,0,Angry
0.092521313,3.461891507,6365.480971,0,0,Angry
0.09972298,2.780186465,6365.485104,0,0,Angry
0.092831058,3.530820238,6365.45472,0,0,Angry
0.089719568,3.213789799,6365.448877,0,0,Angry
0.088425703,3.084063703,6365.49863,0,0,Angry
0.098843424,3.840284037,6365.457803,0,0,Angry
0.049967508,3.892468079,6928.428757,0,0,Normal
0.030639043,4.036768326,6928.41916,0,0,Normal
0.043711365,4.021548399,6928.431291,0,0,Normal
0.041583575,4.28069265,6928.428757,0,0,Normal
0.044975109,4.541650627,6928.378208,0,0,Normal
0.042880749,4.11411161,6928.384457,0,0,Normal
0.038664245,4.265398264,6928.353582,0,0,Normal
0.037548438,4.216635311,6928.338547,0,0,Normal
0.03916455,3.828985641,6928.373797,0,0,Normal
0.046387594,4.21612705,6928.355843,0,0,Normal
0.041208018,4.00504998,6928.372376,0,0,Normal
0.037140819,3.535831278,6928.396539,0,0,Normal
0.026565181,3.934007047,6928.363053,0,0,Normal
0.050721066,3.868202638,6928.37973,0,0,Normal
0.037295654,4.098893171,6928.366919,0,0,Normal
0.03258995,4.385746535,6928.36825,0,0,Normal
0.030410484,4.297243026,6928.37973,0,0,Normal
0.033851645,4.580908738,6928.358173,0,0,Normal
0.037827608,4.255583633,6928.372376,0,0,Normal
0.037827608,4.255583633,6928.372376,0,0,Normal
0.028504538,3.692443216,6928.373797,0,0,Normal
0.022759617,3.694059348,6928.360575,0,0,Normal
0.028214979,3.998586539,6928.350313,0,0,Normal
0.025911811,3.99304574,6928.36561,0,0,Normal
0.023575364,3.485656247,6928.359364,0,0,Normal
0.039059328,3.92200567,6928.363053,0,0,Normal
0.024516796,3.668386877,6928.34517,0,0,Normal
0.024356723,3.902251626,6928.360575,0,0,Normal
0.023250459,3.589969235,6928.360575,0,0,Normal
0.020292757,3.621069653,6928.36561,0,0,Normal
0.14293649,2.681125071,6365.45322,0,0,Angry
0.111500284,3.29963045,6365.44212,0,0,Angry
0.089549698,3.388052946,6365.446105,0,0,Angry
0.094681457,3.465724165,6365.444754,0,0,Angry
0.091593207,3.43970011,6365.446105,0,0,Angry
0.080308885,3.386421022,6365.44212,0,0,Angry
0.065726455,3.324183934,6365.448877,0,0,Angry
0.090944718,2.955850558,6365.444754,0,0,Angry
0.075642246,3.297376252,6365.448877,0,0,Angry
0.068192411,3.743993248,6365.446105,0,0,Angry
0.065042826,4.766828858,6365.414446,0,0,Angry
0.027645339,4.231306855,6365.448877,0,0,Normal
0.03179227,4.63686983,6365.41272,0,0,Angry
0.037377157,4.390349508,6365.422837,0,0,Angry
0.062430265,4.791025028,6365.408602,0,0,Angry
0.047847694,5.116217884,6365.44212,0,0,Normal
0.053130622,4.625853206,6365.423838,0,0,Angry
0.047967054,3.574599034,6365.432407,0,0,Angry
0.06185146,4.655792612,6365.405497,0,0,Angry
0.068802196,4.625631848,6365.44212,0,0,Angry
0.01649461,4.20415514,6365.46432,0,0,Normal
0.013068233,3.932978361,6365.459387,0,0,Angry
0.0128499,3.618106626,6365.45472,0,0,Angry
0.007098106,3.771922307,6365.448877,0,0,Angry
0.010185372,4.169243421,6365.451747,0,0,Normal
0.013234921,4.564338944,6365.448877,0,0,Angry
0.009708563,4.685716052,6365.462645,0,0,Angry
0.009534383,4.239343664,6365.448877,0,0,Normal
0.014245692,4.506885991,6365.448877,0,0,Angry
0.007967064,4.599803773,6365.451747,0,0,Angry
0.132187819,3.631869429,6365.425884,0,0,Angry
0.101173354,3.984309447,6365.448877,0,0,Angry
0.099633348,4.374277958,6365.461001,0,0,Angry
0.100193095,4.524761713,6365.448877,0,0,Angry
0.100193095,4.524761713,6365.448877,0,0,Angry
0.102538294,3.927400976,6365.456248,0,0,Angry
0.081751806,4.021022438,6365.45472,0,0,Normal
0.094047436,4.534052341,6365.45322,0,0,Angry
0.102139018,4.05912438,6365.466028,0,0,Normal
0.110983259,4.643759178,6365.462645,0,0,Angry
0.026090311,4.198546996,6928.396539,0,0,Normal
0.013527637,4.512420204,6928.423855,0,0,Normal
0.011503654,4.562052991,6928.402225,0,0,Normal
0.012957737,4.432976625,6928.414662,0,0,Normal
0.017497035,4.671403338,6928.439247,0,0,Normal
0.017650418,4.669519897,6928.423855,0,0,Normal
0.027693785,5.198042834,6928.466833,0,0,Normal
0.017128551,4.388156003,6928.442024,0,0,Normal
0.012815346,4.357662608,6928.45076,0,0,Normal
0.018377069,4.705972075,6928.436534,0,0,Normal
0.041037609,3.650325558,6365.443426,0,0,Angry
0.050934507,3.705673722,6365.448877,0,0,Angry
0.043325572,3.78349577,6365.448877,0,0,Angry
0.05072247,3.565257034,6365.448877,0,0,Angry
0.060047282,3.544007333,6365.459387,0,0,Angry
0.054764021,3.86542426,6365.451747,0,0,Angry
0.06148089,4.241316782,6365.446105,0,0,Normal
0.053527956,4.065599564,6365.456248,0,0,Normal
0.059442201,3.040639133,6365.459387,0,0,Angry
0.065745619,3.836742173,6365.456248,0,0,Angry
0.147504752,3.318045241,6365.462645,0,0,Angry
0.151894907,2.618049788,6365.480971,0,0,Angry
0.142405023,3.00678296,6365.535361,0,0,Angry
0.137441267,3.039515613,6365.516943,0,0,Angry
0.136289552,3.103229414,6365.506109,0,0,Angry
0.13848436,2.95773426,6365.485104,0,0,Angry
0.152198023,2.86725758,6365.485104,0,0,Angry
0.150317706,3.714333705,6365.496249,0,0,Angry
0.150453824,3.679231415,6365.491644,0,0,Angry
0.153076319,2.806606904,6365.511396,0,0,Angry
0.025614771,4.107601442,6928.350313,0,0,Normal
0.04004773,4.24119461,6928.36825,0,0,Normal
0.038320488,3.89787563,6928.354704,0,0,Normal
0.030856002,3.792057333,6928.372376,0,0,Normal
0.027201971,3.879232189,6928.36561,0,0,Normal
0.030802487,4.221528725,6928.382854,0,0,Normal
0.035985847,4.315387736,6928.376713,0,0,Normal
0.037187865,4.223491041,6928.370978,0,0,Normal
0.037570132,4.146650091,6928.392926,0,0,Normal
0.035047189,3.909204808,6928.350313,0,0,Normal
0.038489714,4.557690878,6928.361804,0,0,Normal
0.043332684,4.023358521,6928.355843,0,0,Normal
0.044127492,4.183721814,6928.34517,0,0,Normal
0.039634939,4.374323159,6928.36561,0,0,Normal
0.044120018,3.575364364,6928.370978,0,0,Normal
0.043305053,4.269725535,6928.363053,0,0,Normal
0.040346556,4.348306929,6928.354704,0,0,Normal
0.041079282,3.865902706,6928.359364,0,0,Normal
0.041979881,3.834852742,6928.349255,0,0,Normal
0.038441475,4.481739712,6928.359364,0,0,Normal
0.018946884,3.921992892,6928.373797,0,0,Normal
0.017000139,4.052401899,6928.354704,0,0,Normal
0.01937114,3.723480518,6928.344185,0,0,Normal
0.01515202,3.673159885,6928.373797,0,0,Normal
0.018949078,3.357919248,6928.360575,0,0,Normal
0.021167835,3.80969405,6928.352476,0,0,Normal
0.016811105,3.367061423,6928.372376,0,0,Normal
0.015927848,3.642964606,6928.353582,0,0,Normal
0.019428495,3.863265274,6928.315994,0,0,Normal
0.016790557,3.715329818,6928.36825,0,0,Normal
0.074294891,3.897666111,6365.451747,0,0,Angry
0.041592337,3.699696384,6365.418044,0,0,Angry
0.057389428,3.900590052,6365.423838,0,0,Angry
0.042424079,4.099202815,6365.435904,0,0,Normal
0.047003501,4.060698685,6365.433555,0,0,Normal
0.035548952,3.8623638,6365.429071,0,0,Angry
0.062462528,3.606962467,6365.432407,0,0,Angry
0.07031345,3.880814274,6365.439573,0,0,Angry
0.045371338,3.71596208,6365.437107,0,0,Angry
0.06041416,4.075884959,6365.433555,0,0,Normal
0.043687919,4.334630031,6365.414446,0,0,Angry
0.014314791,4.516295357,6365.43833,0,0,Angry
0.042645586,4.286507148,6365.42693,0,0,Angry
0.045474448,4.375250989,6365.425884,0,0,Angry
0.038040104,4.663119967,6365.41272,0,0,Angry
0.032902353,4.069700951,6365.408602,0,0,Normal
0.046377329,4.397941444,6365.41622,0,0,Angry
0.034138402,4.181946253,6365.41622,0,0,Normal
0.041625027,4.333811574,6365.41104,0,0,Angry
0.067094147,4.339315019,6365.41104,0,0,Angry
0.023357963,3.79714191,6365.473201,0,0,Angry
0.011983512,3.881415784,6365.459387,0,0,Angry
0.009354451,3.538537419,6365.46432,0,0,Angry
0.008822807,3.736747625,6365.467769,0,0,Angry
0.008488247,4.383947614,6365.471354,0,0,Angry
0.007814952,4.115868253,6365.459387,0,0,Normal
0.016377169,3.470603328,6365.451747,0,0,Angry
0.01183339,3.574302167,6365.467769,0,0,Angry
0.011009655,3.812341995,6365.451747,0,0,Angry
0.012348679,3.819779951,6365.46432,0,0,Angry
0.110689018,4.000764746,6365.448877,0,0,Angry
0.128151591,3.799343542,6365.459387,0,0,Angry
0.127142048,3.924050757,6365.456248,0,0,Angry
0.132085647,3.573012465,6365.467769,0,0,Angry
0.131234295,3.593590146,6365.459387,0,0,Angry
0.12369819,3.717926709,6365.45472,0,0,Angry
0.129883604,3.703790208,6365.450299,0,0,Angry
0.135101026,3.360226233,6365.450299,0,0,Angry
0.09424704,3.774763469,6365.45322,0,0,Angry
0.138231564,4.166640033,6365.446105,0,0,Normal
0.020293747,4.954982549,6928.46016,0,0,Normal
0.021424089,4.654924144,6928.436534,0,0,Normal
0.013829053,3.939697238,6928.473863,0,0,Normal
0.027774202,4.693958344,6928.520377,0,0,Normal
0.032456875,4.081947262,6928.481277,0,0,Normal
0.015738825,4.141371433,6928.410347,0,0,Normal
0.012077432,4.356066549,6928.439247,0,0,Normal
0.026559136,4.99822537,6928.46016,0,0,Normal
0.029391722,4.664763346,6928.423855,0,0,Normal
0.015064061,4.42847938,6928.439247,0,0,Normal
0.057691394,3.243644946,6365.459387,0,0,Angry
0.064560373,3.710126297,6365.446105,0,0,Angry
0.067488957,4.323487138,6365.45322,0,0,Angry
0.061587773,3.387070165,6365.45472,0,0,Angry
0.056578141,3.810441483,6365.461001,0,0,Angry
0.049567041,4.344682196,6365.451747,0,0,Angry
0.04048606,4.302360537,6365.456248,0,0,Angry
0.041868662,4.432038331,6365.451747,0,0,Angry
0.04333516,4.179654583,6365.45472,0,0,Normal
0.065993741,3.767208639,6365.456248,0,0,Angry
0.127639205,2.907397305,6365.493921,0,0,Angry
0.121180676,3.075499442,6365.511396,0,0,Angry
0.137188224,3.169613387,6365.519821,0,0,Angry
0.114491115,3.10241622,6365.519821,0,0,Angry
0.120727974,2.891096393,6365.525798,0,0,Angry
0.115386726,2.906864909,6365.549369,0,0,Angry
0.121067293,3.174479659,6365.501066,0,0,Angry
0.13032337,2.640164846,6365.597522,0,0,Angry
0.132683395,2.774505719,6365.501066,0,0,Angry
0.115580934,2.92992262,6365.467769,0,0,Angry
0.056329547,4.558553158,6928.404195,0,0,Normal
0.049648521,4.710981855,6928.400293,0,0,Normal
0.04904522,4.999183238,6928.36825,0,0,Normal
0.067149585,4.36020881,6928.360575,0,0,Normal
0.054277235,4.570691555,6928.382854,0,0,Normal
0.064230029,4.565205893,6928.392926,0,0,Normal
0.05173798,4.095486431,6928.334182,0,0,Normal
0.060111716,3.934201626,6928.358173,0,0,Normal
0.065759003,4.200713019,6928.412482,0,0,Normal
0.054347308,4.781792489,6928.36561,0,0,Normal
0.045699884,4.588684218,6928.352476,0,0,Normal
0.045097217,4.170255135,6928.353582,0,0,Normal
0.035946272,4.473728585,6928.354704,0,0,Normal
0.036598976,4.599729605,6928.350313,0,0,Normal
0.038097114,4.440978129,6928.363053,0,0,Normal
0.042637303,3.928630825,6928.361804,0,0,Normal
0.043179267,4.151337834,6928.347184,0,0,Normal
0.043409764,4.505670871,6928.37973,0,0,Normal
0.047949947,4.111992531,6928.384457,0,0,Normal
0.046612596,3.937396525,6928.353582,0,0,Normal
0.020394499,3.908315887,6928.373797,0,0,Normal
0.024382574,3.842590783,6928.366919,0,0,Normal
0.017658941,3.827167542,6928.366919,0,0,Normal
0.027039504,3.844624835,6928.370978,0,0,Normal
0.012697418,3.881723371,6928.376713,0,0,Normal
0.019170277,3.550133159,6928.389445,0,0,Normal
0.021758286,3.696520734,6928.359364,0,0,Normal
0.012570928,4.25902199,6928.355843,0,0,Normal
0.011291951,3.854669017,6928.360575,0,0,Normal
0.01561169,3.997244075,6928.36561,0,0,Normal
0.159827665,3.259063257,6365.457803,0,0,Angry
0.115410599,3.818284704,6365.451747,0,0,Angry
0.124960201,3.97239956,6365.448877,0,0,Angry
0.089959868,4.110795416,6365.43833,0,0,Normal
0.078997215,3.417826115,6365.430166,0,0,Angry
0.081712004,3.443789032,6365.435904,0,0,Angry
0.075379347,4.020275653,6365.433555,0,0,Normal
0.063543451,3.817689398,6365.439573,0,0,Angry
0.080565592,4.287420921,6365.446105,0,0,Angry
0.039430603,3.979912284,6365.444754,0,0,Angry
0.059346772,4.886485135,6365.447479,0,0,Normal
0.04718079,5.362305094,6365.431278,0,0,Normal
0.052294661,5.290073981,6365.420878,0,0,Normal
0.059027782,5.351498984,6365.417125,0,0,Normal
0.065441063,5.123915324,6365.418975,0,0,Normal
0.035923652,5.245917106,6365.435904,0,0,Normal
0.051256804,4.986992397,6365.41992,0,0,Normal
0.053389812,4.442245566,6365.422837,0,0,Angry
0.04455645,4.744432886,6365.427993,0,0,Angry
0.058031482,5.220067141,6365.447479,0,0,Normal
0.010047543,3.254533384,6365.480971,0,0,Angry
0.0101392,3.514061315,6365.462645,0,0,Angry
0.01061691,3.567181825,6365.444754,0,0,Angry
0.00855329,3.177282084,6365.45322,0,0,Angry
0.01280535,3.30646882,6365.446105,0,0,Angry
0.010504204,3.643267276,6365.447479,0,0,Angry
0.010235611,3.964218955,6365.459387,0,0,Angry
0.014948317,3.669781462,6365.448877,0,0,Angry
0.019535869,3.715418843,6365.46432,0,0,Angry
0.009873215,3.478645944,6365.451747,0,0,Angry
0.10296457,4.239690386,6365.439573,0,0,Normal
0.113821755,3.500458813,6365.451747,0,0,Angry
0.108220488,3.554245779,6365.45472,0,0,Angry
0.099360905,4.32395017,6365.448877,0,0,Angry
0.080699314,4.15473466,6365.459387,0,0,Normal
0.084835639,3.290189832,6365.450299,0,0,Angry
0.081267977,4.263619832,6365.462645,0,0,Normal
0.074964751,4.170887442,6365.462645,0,0,Normal
0.071136295,4.282753278,6365.456248,0,0,Angry
0.083385492,4.310894407,6365.439573,0,0,Angry
0.02989332,4.338634913,6928.428757,0,0,Normal
0.02728251,4.687034686,6928.473863,0,0,Normal
0.022285115,4.522884933,6928.433883,0,0,Normal
0.018778756,4.336056029,6928.416887,0,0,Normal
0.022020635,4.429097166,6928.444866,0,0,Normal
0.019811019,4.950907497,6928.428757,0,0,Normal
0.012112151,4.631244956,6928.404195,0,0,Normal
0.029068205,4.435631731,6928.428757,0,0,Normal
0.023748499,4.408465941,6928.431291,0,0,Normal
0.020274914,4.675880777,6928.46016,0,0,Normal
0.028830291,3.708485884,6365.457803,0,0,Angry
0.038664637,4.15892899,6365.446105,0,0,Normal
0.040241081,3.944757004,6365.45472,0,0,Angry
0.038852619,4.030822676,6365.456248,0,0,Normal
0.032056151,4.824523122,6365.459387,0,0,Angry
0.04187204,4.246741353,6365.45322,0,0,Normal
0.032182849,4.039381147,6365.457803,0,0,Normal
0.039097746,4.01525201,6365.456248,0,0,Normal
0.027546719,4.416904364,6365.45322,0,0,Angry
0.027674277,3.730471549,6365.462645,0,0,Angry
0.070212787,3.344594437,6365.489416,0,0,Angry
0.119215795,2.805223298,6365.525798,0,0,Angry
0.128934621,3.325002151,6365.619722,0,0,Angry
0.12272093,2.822480397,6365.491644,0,0,Angry
0.113654066,3.49691615,6365.514136,0,0,Angry
0.120274552,3.07928721,6365.528903,0,0,Angry
0.14833664,2.740700086,6365.525798,0,0,Angry
0.121345419,2.696831372,6365.461001,0,0,Angry
0.122958181,3.416480453,6365.528903,0,0,Angry
0.034908292,4.243784294,6928.402225,0,0,Normal
0.016594949,4.052546989,6928.410347,0,0,Normal
0.010304312,4.18359996,6928.34617,0,0,Normal
0.017001997,4.367115728,6928.354704,0,0,Normal
0.024582152,4.331775195,6928.355843,0,0,Normal
0.028568164,4.497645981,6928.389445,0,0,Normal
0.030218057,4.121387349,6928.376713,0,0,Normal
0.027248494,3.770852545,6928.359364,0,0,Normal
0.026651364,3.80521057,6928.412482,0,0,Normal
0.029982549,3.829408492,6928.363053,0,0,Normal
0.040183529,3.871445407,6928.354704,0,0,Normal
0.038216491,4.092000738,6928.373797,0,0,Normal
0.041989215,3.809270828,6928.370978,0,0,Normal
0.03826564,3.604932379,6928.361804,0,0,Normal
0.035150944,3.566670817,6928.363053,0,0,Normal
0.042963983,3.898292053,6928.36561,0,0,Normal
0.039512412,4.098747917,6928.364321,0,0,Normal
0.040250494,4.060174177,6928.360575,0,0,Normal
0.032509917,3.731044841,6928.36561,0,0,Normal
0.033920298,4.108162563,6928.363053,0,0,Normal
0.033219326,4.610476359,6928.376713,0,0,Normal
0.024370046,4.330951275,6928.363053,0,0,Normal
0.020682007,4.335451637,6928.36825,0,0,Normal
0.02182055,4.422180343,6928.369603,0,0,Normal
0.025885995,4.681710846,6928.348212,0,0,Normal
0.01883457,4.501525247,6928.355843,0,0,Normal
0.016240211,4.791203859,6928.361804,0,0,Normal
0.03301536,4.547368403,6928.36825,0,0,Normal
0.027650468,4.56835636,6928.373797,0,0,Normal
0.020024146,4.178720675,6928.363053,0,0,Normal
0.122480557,3.780607136,6365.439573,0,0,Angry
0.131290576,3.369540478,6365.447479,0,0,Angry
0.074749985,3.662594771,6365.447479,0,0,Angry
0.067211751,3.729381537,6365.447479,0,0,Angry
0.073537897,3.897407628,6365.432407,0,0,Angry
0.057855828,4.06321755,6365.439573,0,0,Normal
0.051062183,3.980872605,6365.44212,0,0,Angry
0.0696877,4.1113109,6365.462645,0,0,Normal
0.075212072,3.876379198,6365.446105,0,0,Angry
0.084445677,3.831958402,6365.444754,0,0,Angry
0.05132986,4.392942842,6365.424853,0,0,Angry
0.026856872,3.985469431,6365.418975,0,0,Angry
0.033699533,4.007415194,6365.439573,0,0,Normal
0.030724765,4.121726597,6365.444754,0,0,Normal
0.030300279,4.076990555,6365.459387,0,0,Normal
0.039548462,4.985988248,6365.447479,0,0,Normal
0.038056772,4.226219776,6365.45322,0,0,Normal
0.045113458,4.181785222,6365.425884,0,0,Normal
0.045648953,4.201784731,6365.451747,0,0,Normal
0.038289907,4.080327719,6365.45472,0,0,Normal
0.031345046,2.968041269,6365.45322,0,0,Angry
0.035644242,3.915919606,6365.478968,0,0,Angry
0.017869181,3.489889717,6365.485104,0,0,Angry
0.017206845,3.842946826,6365.451747,0,0,Angry
0.018693301,3.560280483,6365.459387,0,0,Angry
0.013292662,4.303254902,6365.451747,0,0,Angry
0.012944473,4.393070414,6365.440836,0,0,Angry
0.016749712,4.160664202,6365.439573,0,0,Normal
0.129009283,3.737333642,6365.451747,0,0,Angry
0.097686621,3.331959886,6365.450299,0,0,Angry
0.107382129,3.514618186,6365.444754,0,0,Angry
0.050059859,3.73867295,6365.43833,0,0,Angry
0.07883233,3.517412701,6365.448877,0,0,Angry
0.077483524,3.442465556,6365.448877,0,0,Angry
0.078682022,3.285703515,6365.462645,0,0,Angry
0.068230297,3.618938351,6365.462645,0,0,Angry
0.070462556,3.100339876,6365.446105,0,0,Angry
0.073930945,3.329121977,6365.45472,0,0,Angry
0.032489727,4.372632367,6928.428757,0,0,Normal
0.019171289,5.064550785,6928.453816,0,0,Normal
0.021947993,4.75044443,6928.489109,0,0,Normal
0.024959486,4.082394435,6928.412482,0,0,Normal
0.023393504,4.022420463,6928.466833,0,0,Normal
0.023696794,4.509294488,6928.416887,0,0,Normal
0.017996064,4.585044044,6928.428757,0,0,Normal
0.010814533,4.503013785,6928.447778,0,0,Normal
0.01247503,4.453955396,6928.431291,0,0,Normal
0.010250227,4.135285077,6928.436534,0,0,Normal
0.063766014,3.698165372,6365.446105,0,0,Angry
0.084918808,3.278430905,6365.437107,0,0,Angry
0.101087948,3.26374714,6365.439573,0,0,Angry
0.120681684,3.055404112,6365.448877,0,0,Angry
0.083484858,2.768327522,6365.451747,0,0,Angry
0.086992709,4.196232835,6365.45472,0,0,Normal
0.08730489,3.146164249,6365.462645,0,0,Angry
0.085529205,3.232164015,6365.459387,0,0,Angry
0.0759427,3.751584137,6365.451747,0,0,Angry
0.104473781,3.1925019,6365.45322,0,0,Angry
0.03597583,4.436028238,6928.36561,0,0,Normal
0.020169749890136982,3.81009361893303,2309.444377983588,0.0,0.0,Angry
